title,text,source,date
🇫🇷 Lionel Jospin : hommage national aux Invalides,"La #France a rendu un #hommage national à Lionel #Jospin, ancien Premier ministre de 1997 à 2002 et mort le 22 mars dernier à l'âge de 88 ans. Emmanuel #Macron a célébré ""un repère dans notre histoire"". 🇫🇷

Vidéo par : FRANCE 24",www.france24.com,"Thu, 26 Mar 2026 15:54:18 GMT"
Le chanteur Gims en garde à vue dans une affaire de blanchiment en bande organisée,"Le chanteur, rappeur et auteur-compositeur congolais Gims, anciennement connu sous le nom de Maître Gims, se produit lors de la cérémonie d'ouverture du 105e Grand Prix d'Amérique, à l'hippodrome de Vincennes à Paris, le 25 janvier 2026.

Une extension de votre navigateur semble bloquer le chargement du lecteur vidéo. Pour pouvoir regarder ce contenu, vous devez la désactiver ou la désinstaller.

Pour afficher ce contenu YouTube, il est nécessaire d'autoriser les cookies de mesure d'audience et de publicité.

Le roi de la chanson francophone rattrapé par la justice. Gims a été interpellé mercredi 25 mars à sa descente de l'avion à Paris et placé en garde à vue dans une affaire de blanchiment en bande organisée.

L'artiste congolais de 39 ans est entendu dans le cadre d'une ""commission rogatoire de juges d'instruction"", suivie par le parquet national anticriminalité organisée (Pnaco), a précisé ce dernier, confirmant une information du site Africa Intelligence.

Contacté par l'AFP, l'avocat du plus gros vendeur de disques de l'année 2025 en France, Me David-Olivier Kaminski, n'a pas souhaité réagir dans l'immédiat.

Un projet en cours de 118 villas de grand luxe

Gims, Gandhi Djuna de son vrai nom, ""a été arrêté par le service national des douanes judiciaires, à la sortie de l'avion à son arrivée à l'aéroport Roissy-Charles-de-Gaulle"", a précisé une source proche du dossier à l'AFP. Il a ensuite été placé en garde à vue.

Le Pnaco, qui suit l'enquête, a été créé en début d'année pour regrouper à Paris les dossiers de criminalité organisée les plus complexes.

Selon Africa Intelligence, les juges parisiens enquêtent sur un réseau de blanchiment international, impliquant ""une myriade de sociétés spécialement constituées dans différents pays pour se jouer de la TVA et autres taxes françaises, faciliter l'émission de fausses factures, blanchir des fonds provenant d'activités illégales et en dissimuler l'origine"".

""Cinq ex-trafiquants de drogue franciliens reconvertis dans la criminalité financière"" auraient déjà été ""mis en cause"" dans ce dossier, ajoute le site.

Ce média spécialisé affirme que les enquêtes s'intéressent notamment à un vaste projet immobilier de luxe promu par Gims à Marrakech (Maroc), l'une des villes où il réside.

Baptisé Sunset Village Private Residences, ce projet en cours de 118 villas de grand luxe, avec terrains de sport, spa, sauna et hammam, autour d'un lagon de 3 000 m2, avait été lancé en grande pompe en 2025 en présence de Gims.

Abonné aux premières places

Ce projet devait permettre au rappeur né à Kinshasa, en République démocratique du Congo, et arrivé en France à 2 ans avec sa famille qui a fui le régime, d'accélérer dans les affaires, via l'immobilier de luxe.

Côté artistique, rien ne semblait jusqu'ici pouvoir enrayer le succès de l'ancien membre de Sexion d'Assaut, Maître Gims – un nom qu'il avait raccourci en Gims il y a sept ans.

Avec ses lunettes noires et ses tubes, ""Sapés comme jamais"", ""Bella"" ou ""Spider"", Gims caracole depuis une dizaine d'années en haut des classements.

Abonné aux premières places de tous les classements sur les plateformes, artiste apprécié du plus grand nombre et moins clivant que d'autres, il a été sacré meilleur artiste masculin aux 40e victoires de la musique en 2025.

Homme de scène ultrapopulaire, il est engagé dans une longue tournée de dizaines de dates, qui doivent le conduire jusqu'au Vélodrome de Marseille le 19 juin 2027.

D'ici là, il doit honorer de nombreuses dates, à commencer par Liévin (Pas-de-Calais) le 18 avril, puis une tournée de tous les plus grands festivals français, des Francofolies à Solidays en passant par les Vieilles Charrues.

Avec AFP",www.france24.com,"Thu, 26 Mar 2026 09:01:57 GMT"
"Hommage à Lionel Jospin : Emmanuel Macron salue ""un repère dans notre histoire et notre esprit""","La garde républicaine près du cercueil de Lionel Jospin, recouvert du drapeau national, pendant l'éloge funèbre d'Emmanuel Macron dans la cour sud de l'Hôtel des Invalides à Paris, le 26 mars 2026.

Une extension de votre navigateur semble bloquer le chargement du lecteur vidéo. Pour pouvoir regarder ce contenu, vous devez la désactiver ou la désinstaller.

Pour afficher ce contenu YouTube, il est nécessaire d'autoriser les cookies de mesure d'audience et de publicité.

""Un repère dans notre histoire et notre esprit."" C'est ainsi qu'Emmanuel Macron a rendu un hommage national, jeudi 26 mars, à l'ancien Premier ministre socialiste Lionel Jospin, décédé dimanche, symbole de la ""gauche plurielle"" au gouvernement de 1997 à 2002.

Lionel Jospin a ""modernisé la vie économique, sociale et démocratique de la Nation de manière inédite"", faisant ""entrer la France dans ce siècle qui s'ouvrait"", a salué le chef d'État.

La cérémonie s'est tenue à 11 h aux Invalides, dans la cour Sud du Dôme et non dans la cour d'honneur pavée, comme le veut la tradition, en raison de travaux, en présence du Premier ministre Sébastien Lecornu, des membres du gouvernement, des présidents des deux Chambres et ceux des commissions et groupes parlementaires.

De nombreuses personnalités de gauche étaient également attendues dont l'ancien président François Hollande, qui était très proche de Lionel Jospin, le premier secrétaire du Parti socialiste Olivier Faure et les anciens Premiers ministres PS Laurent Fabius, Edith Cresson ou encore Jean-Marc Ayrault et Manuel Valls.

Obsèques au cimetière parisien du Montparnasse

Le cercueil a fait son entrée à 11 h 05 dans la cour, sur une marche funèbre, au pas du tambour. Ont suivi l'éloge funèbre du chef de l'État, la sonnerie ""Aux Morts"", une minute de silence et la Marseillaise.

Les obsèques de Lionel Jospin, décédé à l'âge de 88 ans, se dérouleront à 14 h 30 au cimetière parisien du Montparnasse.

Plusieurs milliers de personnes sont attendues pour cet hommage plus personnel ouvert au public, durant lequel François Hollande, à la tête du PS quand Lionel Jospin était à Matignon, Martine Aubry, son emblématique ministre du Travail, Daniel Vaillant, ex ministre de l'Intérieur ou encore Pierre Moscovici, à l'époque chargé des Affaires européennes, prendront la parole.

À cette occasion, le PS invite chaque militant à apporter une rose et des cahiers d'hommage seront ouverts dans l'ensemble des fédérations.

""Ça a marqué les Français""

Emmanuel Macron avait déjà salué ""une certaine idée de la République, une grande rigueur et une grande exigence intellectuelle"", relève-t-on dans son entourage. Il avait déjà salué lundi ""un grand destin français"" et l'Élysée un ""homme de convictions laïques et sociales"", ""une certaine idée de la gauche"".

""C'est assez rare des personnalités qui gouvernent la France pendant cinq ans. Ça a marqué les Français. Ça a marqué le peuple de gauche"", ajoute-t-on, même si Emmanuel Macron lui-même connaissait peu l'ex-Premier ministre, de 40 ans son aîné.

Alors que l'échiquier politique est plus polarisé que jamais et que les gauches semblent être devenues ""irréconciliables"", Lionel Jospin reste celui qui a permis à une ""gauche plurielle"", réunissant socialistes, écologistes et communistes, de gouverner.

Avec AFP",www.france24.com,"Thu, 26 Mar 2026 07:33:21 GMT"
"Loana, icône de la téléréalité en France, est morte à 48 ans","Loana, gagnante de la finale de l'émission de téléréalité ""Loft Story"", quitte en voiture le ""Loft"" à Saint-Denis, le 5 juillet 2001.

Première vedette de la téléréalité en France révélée grâce à sa participation à ""Loft Story"", Loana a été retrouvée morte à 48 ans mercredi 25 mars à son domicile de Nice.

Le corps de l'ex-star a été retrouvé en fin de journée et une enquête a été ouverte ""en recherche des causes de la mort"", a indiqué le procureur de Nice, Damien Martinelli, qui a précisé que le décès remontait à ""plusieurs jours"".

La France avait découvert Loana Petrucciani (de son nom complet) en avril 2001 alors qu'elle s'apprêtait à vivre avec d'autres anonymes dix semaines durant, 24 heures sur 24, sous l'œil des caméras de M6.

Le succès du ""Loft"" fut immédiat et phénoménal et, aujourd'hui encore, l'émission est considérée comme culte et a même inspiré une série pour la plateforme de streaming d'Amazon, Prime Video, en 2024.

À voir aussi""Diamant brut"" : les mirages de la téléréalité sur grand écran

""Une femme sensible et extrêmement intelligente""

""Figure emblématique de la première saison de 'Loft Story', elle restera à jamais une personnalité qui a profondément marqué toute une génération de téléspectateurs"", a réagi M6 dans un communiqué transmis à l'AFP, saluant ""sa spontanéité, sa sensibilité et son authenticité"".

Né en août 1977 à Cannes, Loana était effectivement devenue une figure du programme très rapidement lorsque ses ébats avec un autre candidat, Jean-Edouard Lipa, furent filmés dans une piscine.

L'indignation est alors à son comble et l'émission est accusée de tous les maux, mais Loana devient en quelques instants une vedette du petit écran.

""N'oublions jamais que derrière son image se cachait une femme sensible et extrêmement intelligente"", a souligné sur Instagram Alexia Laroche-Joubert, productrice de ""Loft Story"".

Pour afficher ce contenu Instagram, il est nécessaire d'autoriser les cookies de mesure d'audience et de publicité. Accepter Gérer mes choix

Lorsque Loana remporte l'émission, elle descend les Champs-Élysées à la manière des joueurs de football. S'ensuit la tournée des plateaux de télévision, la couverture du magazine Elle, avec un cliché glamour du photographe des stars Jean-Baptiste Mondino et la publication de son autobiographie quelques mois plus tard.

Dans ""Elle m'appelait Miette"", succès de librairie, elle lève le voile sur son enfance difficile et revient sur son drame personnel quand, à 19 ans, elle a confié sa petite fille Mindy aux services sociaux.

En parallèle, elle tente différentes reconversions : mannequin pour Jean Paul Gaultier, styliste pour une ligne de vêtements portant son nom, animatrice de télévision sur des chaînes du câble...

Mais le conte de fées tourne rapidement au cauchemar. Loana quitte peu à peu le monde du show business et entame un long déclin personnel, qui la voit régulièrement faire la une de la rubrique faits divers.

À (re)lireQuand la téléréalité banalise le harcèlement moral

Une descente aux enfers

En 2009, elle est découverte inanimée à son domicile après avoir été agressée par deux hommes, affirme-t-elle. Quelques années plus tard, elle fait une tentative de suicide qui la plonge dans le coma. Son entourage révèle alors qu'elle a déjà tenté plusieurs fois de mettre fin à ses jours.

En mai 2011, elle fait un timide retour en participant à la saison 2 des ""Anges de la téléréalité"", mais ses soucis de santé l'empêchent d'être la marraine de la saison 4 du programme un an plus tard.

À partir de 2020, sa vie n'est plus qu'une succession d'hospitalisations, d'épisodes psychiatriques et de violences subies. Elle partage notamment sur les réseaux sociaux des photos de son corps couvert d'hématomes, accusant son ex-compagnon de l'avoir frappée.

Pour afficher ce contenu Instagram, il est nécessaire d'autoriser les cookies de mesure d'audience et de publicité. Accepter Gérer mes choix

Elle est aussi internée en clinique psychiatrique après une crise de démence dans les rues de Paris. D'autres séjours en hôpital suivront pour des overdoses ou des traumatismes liés à des malaises.

En 2024, sur le plateau de ""Touche pas à mon poste"", une Loana visiblement traumatisée, lourdement médicamentée et peinant à s'exprimer, raconte un viol extrêmement violent qu'elle a récemment subi et qui l'a laissée en état de choc.

""La vérité, c'est qu'on est tous un peu responsables. Parce qu'on a tous regardé. Parce qu'on a tous commenté. Parce qu'on a tous, à un moment, détourné les yeux quand ça devenait trop dur. Elle incarnait une innocence brute dans un monde qui ne pardonne rien. Et nous, on n'a pas su être à la hauteur de ce qu'elle nous a donné"", a de son côté réagi Benjamin Castaldi, présentateur de ""Loft Story"" sur Instagram.

Avec AFP",www.france24.com,"Wed, 25 Mar 2026 20:27:09 GMT"
L'islamologue Tariq Ramadan condamné à 18 ans de prison pour des viols sur trois femmes,"L'islamologue suisse Tariq Ramadan a été condamné, mercredi 25 mars, à 18 ans de réclusion criminelle par la cour criminelle de Paris, qui l'a jugé par défaut et à huis clos pour des viols commis sur trois femmes.

Il a été reconnu coupable de viols et de viol sur personne vulnérable.

""Consentir à la sexualité n'est pas consentir à tout acte sexuel quel qu'il soit"", a souligné la présidente de la cour, Corinne Goetzmann.

Elle a ordonné qu'il fasse l'objet d'une mesure de suivi judiciaire pendant huit ans, lui interdisant notamment d'entrer en relation avec les victimes, mais aussi de diffuser tout ouvrage, œuvre audiovisuelle ou intervention publique qui porterait sur cette infraction.

Elle l'a aussi condamné à une interdiction définitive du territoire français une fois sa peine purgée et maintenu les effets du mandat d'arrêt décerné à son encontre le 6 mars.

Mandat d'arrêt à ""exécution immédiate""

L'islamologue, déjà condamné par la justice helvète pour le viol d'une femme, était jugé à Paris depuis le 2 mars pour des viols qui auraient été commis sur trois autres femmes entre 2009 et 2016, ce qu'il conteste : un viol aggravé, avec violences et sur personne vulnérable, commis sur ""Christelle"" (prénom d'emprunt) à Lyon en octobre 2009 ; un viol qui aurait eu lieu en 2012 à Paris sur Henda Ayari, une ex-salafiste devenue militante laïque qui avait déclenché l'affaire en portant plainte en octobre 2017 ; et un autre sur une troisième femme, remontant à 2016.

Mais à l'ouverture du procès, il ne s'est pas présenté à l'audience. Ses avocats avaient alors expliqué qu'il avait été hospitalisé deux jours auparavant à Genève, en raison selon eux d'une ""poussée"" de sclérose en plaques.

À lire aussiSuisse : l'islamologue Tariq Ramadan définitivement condamné pour viol

Une expertise médicale ordonnée avait conclu à la ""stabilité de la sclérose en plaques"" dont souffre l'islamologue depuis plusieurs années, ""sans signe de poussée récente"", et estimé qu'il pouvait donc comparaître devant la cour criminelle.

La présidente a alors rejeté la demande de renvoi du procès et décidé que l'accusé de 63 ans serait jugé par défaut, et à huis clos comme le demandait une partie civile. Elle a, par ailleurs, indiqué qu'un mandat d'arrêt, ""à exécution et diffusion immédiate"", était délivré à son encontre.

Avec AFP",www.france24.com,"Wed, 25 Mar 2026 19:46:50 GMT"
Comment repérer les faux sites d'information créés par IA,"Depuis 2023, de faux sites d’information, souvent créés par IA, apparaissent en ligne. Quand ils ne visent pas sciemment à désinformer, ils cherchent à générer des vues pour en tirer des revenus publicitaires.

Une extension de votre navigateur semble bloquer le chargement du lecteur vidéo. Pour pouvoir regarder ce contenu, vous devez la désactiver ou la désinstaller.

Pour afficher ce contenu YouTube, il est nécessaire d'autoriser les cookies de mesure d'audience et de publicité.

Dans le cadre de la Semaine de la presse et des médias à l’école , la rédaction des Observateurs de France 24 propose quatre vidéos pédagogiques pour mieux appréhender les images générées par intelligence artificielle et les fausses informations qu'elles peuvent véhiculer.

Depuis 2023, de faux sites d’information, souvent créés par IA, apparaissent en ligne. Quand ils ne visent pas sciemment à désinformer, ils cherchent à générer des vues pour en tirer des revenus publicitaires.

Dans notre troisième vidéo, nous listons quatre conseils pour repérer ces faux sites d’information.

1 - Vérifier l’URL

En 2023, un article qui semblait avoir été publié par le journal français Le Parisien, utilisant le même logo et le même style graphique, rapportait que du blé provenant d’Ukraine, censé être destiné aux enfants en Afrique, était en réalité utilisé comme aliment pour porcs en Europe.

Mais l’URL du site, ""leparisien.ltd"", indiquait que l’article était faux. L'adresse réelle du journal est Leparisien.fr.

Le fait d'imiter un site en utilisant une URL proche de la vraie s'appelle le ""typosquatting"".

2 - Vérifier le vrai site d'information qui a été copié

Si on cherche l’article en question sur le site officiel du Parisien, on tombe sur un article indiquant… que le journal a justement été victime de plagiat.

3 - Se méfier des signes d'IA

En 2024, l'ambassade de Russie en Afrique du Sud a partagé un article sur des atrocités qui auraient été commises par des mercenaires combattant aux côtés de l'Ukraine. Cet article était un faux et avait été publié par ""The Boston Times"".

Le logo de ce site n’était pas crédible : le texte n’avait aucun sens, un indice souvent révélateur qu'une image a été créée par une IA. Le Boston Times a existé… mais il a cessé de paraître en 1943.

4 - Rechercher le prompt

On peut parfois retrouver des traces du prompt utilisé pour indiquer à l’IA ce qu’elle doit créer. Dans le cas d'un faux site français apparu en 2024, ""Media Alternatif"", l'instruction apparaissait par inadvertance dans le titre d’un article sur de prétendues menaces de mort à l'encontre d'un directeur d'école, qui commençait ainsi : ""Voici un titre court basé sur le sujet que vous avez décrit.""

En tout état de cause, si un article ou un site d'actualité vous semble suspect, vérifiez l'URL et rendez-vous sur le site authentique.",www.france24.com,"Wed, 25 Mar 2026 18:01:27 GMT"
"Une guerre avec la Russie n'est pas inéluctable, affirme le chef d'état-major de l'armée de Terre","Une extension de votre navigateur semble bloquer le chargement du lecteur vidéo. Pour pouvoir regarder ce contenu, vous devez la désactiver ou la désinstaller.

Pour afficher ce contenu YouTube, il est nécessaire d'autoriser les cookies de mesure d'audience et de publicité.

Temps de lecture 1 min

Dans un entretien accordé à France 24, le général Pierre Schill, chef d'état-major de l'armée de Terre, réfute le caractère inéluctable d'une guerre avec la Russie, tout en confirmant un renforcement de la présence française au Proche-Orient. Concernant le service national volontaire, il dit avoir confiance en la volonté des jeunes de s'engager pour la France.

Si le général d'armée Pierre Schill reconnaît que la Russie constitue une menace ""structurante"" – Moscou ayant ""déjà montré qu'elle était prête à employer son armée"" en Ukraine – il refuse tout fatalisme. L'enjeu, dit-il, est d'être ""forts, déterminés, crédibles collectivement"" pour dissuader toute agression contre les alliés européens de la France.

Abordant la guerre au Moyen-Orient, le général affirme que la France a déjà déployé des moyens supplémentaires de défense anti-aérienne et de renseignement depuis le début du conflit, et prévient que ""plus de moyens ne sont pas à exclure"", en fonction des décisions du président de la République.

Les jeunes Français ""veulent servir leur pays""

Concernant le service national volontaire, Pierre Schill se dit ""très confiant"". Les jeunes Français veulent ""servir leur pays"", assure-t-il, et le dispositif, qui démarre à 3 000 recrues pour atteindre 42 000 en 2035, ""sera un succès"".

Enfin, pour le chef d'état-major, l'enjeu dépasse la seule sphère militaire. ""Ce sont les armées qui gagnent les batailles, mais ce sont les nations qui gagnent les guerres"", dit-il, plaçant la volonté collective au cœur de la défense du pays.",www.france24.com,"Wed, 25 Mar 2026 17:08:17 GMT"
Municipales 2026 : l'heure est au bilan pour le PS et la droite,"Municipales 2026 : l'heure est au bilan pour le PS et la droite

France

Pour afficher ce contenu YouTube, il est nécessaire d'autoriser les cookies de mesure d'audience et de publicité. Accepter Gérer mes choix Une extension de votre navigateur semble bloquer le chargement du lecteur vidéo. Pour pouvoir regarder ce contenu, vous devez la désactiver ou la désinstaller. Réessayer face à face © france24 17:11

17:11 min Partager

Écouter (17:11 min)

A retrouver dans l’émission

Temps de lecture 1 min

Trois jours après le second tour des municipales, l’heure est au bilan, ou plutôt au règlement de comptes au Parti socialiste. Les opposants au premier secrétaire Olivier Faure l'accusent d’avoir manqué de clarté après les alliances entre LFI et le PS. À droite aussi les divisions apparaissent au grand jour autour du candidat à la présidentielle. L'union, à gauche ou à droite, est-elle encore possible ?

Nos invités Pablo Pillaud-Vivien Journaliste, rédacteur en chef de la revue Regards

Dominique DE MONTVALON Éditorialiste politique",www.france24.com,"Wed, 25 Mar 2026 13:29:28 GMT"
Municipales 2026 : débrief chez Les Républicains et au Parti socialiste avec 2027 en vue,"Le président du parti Les Républicains, Bruno Retailleau, le 5 mars 2026, au Blanc-Mesnil.

La séquence électorale des municipales terminée, l'heure est au bilan. Les partis Les Républicains (LR) et Parti socialiste (PS) ont fait leur examen post-mortem des élections municipales, mardi 24 mars, dans une ambiance parfois houleuse et déjà tournée vers la présidentielle de 2027, entre tiraillements sur les alliances avec La France insoumise (LFI) côté PS, et débats sur la désignation de leur candidat côté LR.

Si les deux formations ont chacune conforté leur forte implantation locale – LR plutôt dans les villes moyennes, le PS dans les métropoles –, les dirigeants Bruno Retailleau et Olivier Faure ont tout de même dû rendre des comptes mardi soir.

À voir aussiMunicipales : quelles leçons pour la présidentielle ?

Chez LR, le débat s'est principalement focalisé sur le mode de désignation du candidat pour 2027, alors que le patron Bruno Retailleau a pris les devants en se lançant dès le mois de février dans la campagne.

Ce sera donc aux adhérents de trancher en avril entre trois options : désigner Bruno Retailleau ; opter pour une primaire ""fermée"" aux seuls adhérents, qui étaient 120 000 il y a un an ; ou une primaire ""ouverte"" aux adhérents mais aussi aux sympathisants de droite.

Reflet des tensions internes, ce bureau politique s'est réuni en l'absence de deux présidentiables potentiels de LR : le président des Hauts-de-France, Xavier Bertrand, qui refuse toute primaire, et le patron des députés, Laurent Wauquiez, qui en défend une dont le périmètre irait du macroniste Gérald Darmanin à Sarah Knafo, du parti d'extrême droite Reconquête. Laurent Wauquiez avait d'ailleurs dénoncé, dès mardi matin, sur RTL ,des options de ""boutiquiers"".

""Ça a gueulé, mais de manière très classique""

Présent à la réunion, le maire de Cannes et vice-président de LR, David Lisnard, qui défendait lui aussi une primaire ouverte, a annoncé mercredi son départ de LR. ""Ce qui s'est passé hier est un non-sens absolu"", a-t-il déclaré sur BFMTV/RMC, dénonçant ""un vote biaisé, un vote truqué"" qui sera proposé aux adhérents Les Républicains.

Revenant sur les municipales, la députée Michèle Tabarot et la sénatrice Dominique Estrosi-Sassonne, toutes deux des Alpes-Maritimes, ont déploré lors de la réunion que Bruno Retailleau ait refusé de soutenir le sortant Christian Estrosi à Nice face à Éric Ciotti, l'ex-président du parti qui s'est allié au Rassemblement national (RN).

À lire aussiMunicipales 2026 : à chacun son récit victorieux, les regards tournés vers 2027

""Ça a gueulé, mais de manière très classique"", a expliqué un participant, précisant que les membres LR de Marseille ont saisi l'occasion pour rappeler qu'ils s'étaient, eux, maintenus au second tour face au RN.

Une clarification réclamée également au parti Les Républicains par Gabriel Attal, peu allant pour une alliance avec la droite. Le patron de Renaissance a plaidé mardi pour un ""rassemblement"" du bloc central, sur la base d'une primaire, de sondages ou d'une ""autre méthode"" en vue de 2027.

Cette question de la régulation dans un champ politique saturé d'ambitions est dans toutes les têtes, à commencer par Édouard Philippe, candidat, lui, déjà officialisé.

""Je ne jouerai jamais avec l'avenir de mon pays"", a-t-il assuré mardi sur France 2, se disant ""favorable"" à ""toutes les logiques de rassemblement et d'union"" de la droite et du centre pour l'élection présidentielle, mais toujours opposé à une primaire.

Le patron du PS vivement critiqué

Une concorde que les socialistes aimeraient déjà imposer à l'intérieur même de leur parti, qui n'en finit plus de se déchirer sur les alliances avec LFI.

Avant même la réunion du bureau national mardi soir, le chef des députés Boris Vallaud avait planté le décor en dénonçant le ""manque de clarté"" de sa direction qui a laissé faire, pour le second tour des municipales, des alliances locales avec LFI ""qui n'ont pas fonctionné"", comme à Toulouse ou Brest.

À voir aussiMunicipales 2026 : ""La grande confusion""

""Les accords d’entre-deux-tours ont nourri le procès en insincérité envers nous"", a-t-il insisté mardi soir, selon un participant.

""Hypocrisie"" et ""cynisme"", a répondu le premier secrétaire, Olivier Faure, à ses détracteurs, selon un autre participant à ce bureau national.

Invité plus tôt mardi à la ""démission"" par le médiatique maire de Saint-Ouen, Karim Bouamarane, Olivier Faure a souligné qu'il n'y avait pas eu d'accord national avec LFI et que ""pour l'essentiel, les fusions qui ont été réalisées entre le premier et le second tour avec La France insoumise ne sont pas le fait de la direction"".

Pour afficher ce contenu X (Twitter), il est nécessaire d'autoriser les cookies de mesure d'audience et de publicité. Accepter Gérer mes choix

""C'est tellement facile de son salon de venir dire ce qu'il faut faire ou ce qu'il ne faut pas faire"", a-t-il encore regretté, fustigeant ceux qui ""tirent dans le dos"" de leurs camarades.

Boris Vallaud a tenté de faire adopter une résolution déplorant ""le manque de clarté et de cohérence"" de la direction. Cette résolution fait référence aux propos d'Olivier Faure, qui entre les deux tours avait indiqué ""comprendre parfaitement les choix"" des candidats ayant décidé de s'allier avec LFI, même si le bureau national avait acté début mars qu'il n'y aurait ""aucun accord national"" avec les insoumis du fait des ""propos antisémites intolérables"" de Jean-Luc Mélenchon.

Les prises de position de la direction ""ont mis en difficulté certains de nos candidats dans tous les territoires, y compris là où localement la clarté courageuse de nos têtes de listes dans les plus grandes villes de France comme Paris et Marseille, a permis de l'emporter"", ajoute la résolution.

Selon plusieurs participants, la direction a refusé de soumettre cette résolution au vote. ""Ils savent qu'ils sont mis en minorité s'il y a un vote"", remarque un proche de Boris Vallaud.

Face aux déchirements socialistes, le leader insoumis Jean-Luc Mélenchon a, lui, compté les points, constatant avec piquant que ""la guerre des roses fanées est commencée"".

Avec AFP",www.france24.com,"Tue, 24 Mar 2026 11:21:22 GMT"
"Données bancaires piratées : ""L'impression de vivre avec une épée de Damoclès au-dessus de la tête""","Le bâtiment du ministère français de l'Économie et des Finances dans le quartier de Bercy, à Paris, le 10 novembre 2025.

La scène peut paraître anodine. Mais pour Evelyne*, elle marque le début d'un douloureux engrenage. Le 6 mars au soir, la septuagénaire discute avec un petit groupe de voisins et ouvre machinalement son courrier : une lettre des Finances publiques qu'elle finit par lire devant eux à haute voix. ""J'avais vaguement entendu parler du vol de données à Bercy mais je n'ai pas du tout compris de quoi il s'agissait"", soupire-t-elle.

Le lendemain, au centre des impôts, le couperet tombe. Elle y découvre le fichier national des comptes bancaires (Ficoba), consulté lors de l'intrusion. ""Je vois que tout y est, mes informations personnelles, l'historique de mes comptes et même ceux de ma mère, qui a 99 ans et dont j'ai la tutelle"", assène-t-elle, la boule au ventre. J'ai failli tourner de l'œil en prenant conscience des conséquences potentielles"", poursuit-elle.

Hameçonnage, usurpation d'identité, prélèvements illégaux…

Ce vol de données n'est pas inédit. Free, Ameli, France Travail… De nombreux organismes et grandes entreprises ont été touchés ces dernières années par ce genre d'attaques, exposant les données personnelles de millions d'utilisateurs et clients.

Dérobées puis revendues sur le dark Web, ces informations sont utilisées en premier lieu pour des opérations d'hameçonnage : SMS, liens cliquables ou appels au nom de la banque sont destinés à obtenir l'accès aux comptes de la personne ou à lui faire faire des virements d'argent.

À lire aussiPiratage de données bancaires : la France ""très mauvaise élève"" en matière de cybersécurité

""C'est le principe du pompier pyromane, les voleurs se font passer pour les autorités compétentes venues régler le problème pour en réalité finaliser l'escroquerie"", explique Maître Marie-Camille Eck, du cabinet MCE Avocat, spécialiste de ce type d'affaires.

Plus problématique encore, le vol de données peut permettre d'usurper l'identité d'une personne, afin d'ouvrir des crédits à la consommation à son nom, des comptes bancaires, ou bien encore de mettre en place des prélèvements.

""Dans le cas du piratage de Bercy, le risque est assez faible, car les voleurs n'ont pas les cartes d'identité des victimes. Mais il ne peut être exclu"", indique l'avocate. ""Certains font de fausses pièces mélangeant vrais et fausses informations et, parfois, ça passe malgré les contrôles, pour de petits crédits et même de grosses sommes type achat de véhicule à plusieurs dizaines de milliers d'euros. Des sommes dont la personne usurpée est ensuite redevable"", poursuit-elle.

""Les données dérobées ne permettent pas de vider un compte. Mais c'est une porte d'entrée vers la fraude ; elles rendent les personnes plus vulnérables"", précise une conseillère bancaire contactée par France 24.

Pour afficher ce contenu YouTube, il est nécessaire d'autoriser les cookies de mesure d'audience et de publicité. Accepter Gérer mes choix Une extension de votre navigateur semble bloquer le chargement du lecteur vidéo. Pour pouvoir regarder ce contenu, vous devez la désactiver ou la désinstaller. Réessayer L'ENTRETIEN DE L'INTELLIGENCE ÉCONOMIQUE © FRANCE 24 12:14

""L'impression d'être prise au piège""

Face à ces risques, Evelyne aurait aimé agir préventivement. Mais depuis plusieurs semaines, elle a le sentiment de se heurter à un mur. ""J'ai voulu changer de comptes, mais ma banque m'a dit que cela ne servait à rien et qu'ils ne pouvaient rien faire tant qu'une fraude n'a pas été constatée. La seule consigne est de vérifier avec une extrême vigilance les mouvements sur les comptes, et sans date de fin !"", s'agace-t-elle. ""Tout cela me prend un temps énorme, d'autant plus que je ne maîtrise pas bien les outils numériques. J'ai l'impression d'être prise au piège et de vivre avec une épée de Damoclès au-dessus de la tête.""

Le sentiment d'impuissance est fréquent parmi les victimes de vols de données, affirme Maître Marie-Camille Eck, qui reçoit régulièrement des victimes d'usurpation d'identité et de fraudes, mais également des appels des personnes dans la situation d'Evelyne, ""cherchant à être rassurées"" et qui ont parfois ""perdu le sommeil"".

""Il faut se dire que ce n'est pas parce que vos données ont été volées que des escrocs vont s'en servir, car il s'agit d'énormes volumes d'informations"", indique-t-elle.

""Il est également vrai que changer de compte, malgré ce que l'on pourrait croire, n'est pas une solution magique. Car si une personne parvient à usurper votre identité, elle peut elle-même ouvrir des comptes à votre nom. Mieux vaut garder ses comptes et les vérifier attentivement, car plus vite on découvre la fraude, plus vite on peut agir"", poursuit-elle.

Faille sécuritaire ?

Comme Evelyne, Jean-Louis a découvert il y a quelques semaines en ouvrant le courrier qu'il était concerné par le piratage des données au ministère des Finances.

Il affirme néanmoins ne pas s'en inquiéter outre mesure. ""Il est très désagréable de se dire qu'on va devoir regarder tout le temps ses comptes, jusqu'à la fin de ses jours. Mais j'ai déjà cette habitude, car j'ai été victime d'une fraude à la carte bleue il y a quelques années, que j'avais signalée et pour laquelle la banque m'avait remboursé. Et puis, des messages d'arnaques, j'en reçois déjà tous les jours"", explique-t-il.

À voir aussiCyberattaques : la France ciblée

Ancien cadre du secteur bancaire, Jean-Louis s'inquiète par contre qu'un vol d'une telle ampleur ait pu se produire au sein même du ministère. ""Les Finances publiques ne sont pas suffisamment armées pour contrer ce genre d'attaques ? C'est surprenant"", souligne-t-il.

Dans son communiqué, la direction générale des Finances publiques a indiqué que l'intrusion a été commise en ""usurpant"" les ""identifiants d'un fonctionnaire"", laissant entendre qu'une double authentification n'aurait pas été nécessaire pour consulter des centaines de milliers de documents, pourtant extrêmement sensibles. Contacté par France 24 à ce sujet, le ministère de l'Économie et des Finances n'a pas souhaité répondre.

*Prénom modifié à la demande de la personne intéressée",www.france24.com,"Tue, 24 Mar 2026 06:22:01 GMT"
